game_id,season,week,away_team,home_team,away_score,home_score,game,home_dvoa,away_dvoa,dvoa_diff
2024_01_BAL_KC,2024,1,BAL,KC,20.0,27.0,BAL @ KC,0.147,0.414,-0.267
2024_01_GB_PHI,2024,1,GB,PHI,29.0,34.0,GB @ PHI,0.213,0.245,-0.032
2024_01_PIT_ATL,2024,1,PIT,ATL,18.0,10.0,PIT @ ATL,-0.073,0.063,-0.136
2024_01_ARI_BUF,2024,1,ARI,BUF,28.0,34.0,ARI @ BUF,0.22699999999999998,0.08800000000000001,0.13899999999999996
2024_01_TEN_CHI,2024,1,TEN,CHI,17.0,24.0,TEN @ CHI,-0.127,0.335,-0.462
2024_01_NE_CIN,2024,1,NE,CIN,16.0,10.0,NE @ CIN,0.07,-0.297,0.367
2024_01_HOU_IND,2024,1,HOU,IND,29.0,27.0,HOU @ IND,-0.071,0.053,-0.124
2024_01_JAX_MIA,2024,1,JAX,MIA,17.0,20.0,JAX @ MIA,-0.098,-0.177,0.07899999999999999
2024_01_CAR_NO,2024,1,CAR,NO,10.0,47.0,CAR @ NO,-0.106,-0.32899999999999996,0.22299999999999998
2024_01_MIN_NYG,2024,1,MIN,NYG,28.0,6.0,MIN @ NYG,-0.21899999999999997,0.161,-0.38
2024_01_LV_LAC,2024,1,LV,LAC,10.0,22.0,LV @ LAC,0.126,-0.196,0.322
2024_01_DEN_SEA,2024,1,DEN,SEA,20.0,26.0,DEN @ SEA,0.023,0.163,-0.14
2024_01_DAL_CLE,2024,1,DAL,CLE,33.0,17.0,DAL @ CLE,-0.39899999999999997,-0.11599999999999999,-0.283
2024_01_WAS_TB,2024,1,WAS,TB,20.0,37.0,WAS @ TB,0.094,0.115,-0.021000000000000005
2024_01_LA_DET,2024,1,LA,DET,20.0,26.0,LA @ DET,0.348,,
2024_01_NYJ_SF,2024,1,NYJ,SF,19.0,32.0,NYJ @ SF,0.067,-0.114,0.181
2024_02_BUF_MIA,2024,2,BUF,MIA,31.0,10.0,BUF @ MIA,-0.098,0.22699999999999998,-0.32499999999999996
2024_02_LV_BAL,2024,2,LV,BAL,26.0,23.0,LV @ BAL,0.414,-0.196,0.61
2024_02_LAC_CAR,2024,2,LAC,CAR,26.0,3.0,LAC @ CAR,-0.32899999999999996,0.126,-0.45499999999999996
2024_02_NO_DAL,2024,2,NO,DAL,44.0,19.0,NO @ DAL,-0.11599999999999999,-0.106,-0.009999999999999995
2024_02_TB_DET,2024,2,TB,DET,20.0,16.0,TB @ DET,0.348,0.094,0.254
2024_02_IND_GB,2024,2,IND,GB,10.0,16.0,IND @ GB,0.245,-0.071,0.316
2024_02_CLE_JAX,2024,2,CLE,JAX,18.0,13.0,CLE @ JAX,-0.177,-0.39899999999999997,0.22199999999999998
2024_02_SF_MIN,2024,2,SF,MIN,17.0,23.0,SF @ MIN,0.161,0.067,0.094
2024_02_SEA_NE,2024,2,SEA,NE,23.0,20.0,SEA @ NE,-0.297,0.023,-0.32
2024_02_NYJ_TEN,2024,2,NYJ,TEN,24.0,17.0,NYJ @ TEN,0.335,-0.114,0.449
2024_02_NYG_WAS,2024,2,NYG,WAS,18.0,21.0,NYG @ WAS,0.115,-0.21899999999999997,0.33399999999999996
2024_02_LA_ARI,2024,2,LA,ARI,10.0,41.0,LA @ ARI,0.08800000000000001,,
2024_02_PIT_DEN,2024,2,PIT,DEN,13.0,6.0,PIT @ DEN,0.163,0.063,0.1
2024_02_CIN_KC,2024,2,CIN,KC,25.0,26.0,CIN @ KC,0.147,0.07,0.07699999999999999
2024_02_CHI_HOU,2024,2,CHI,HOU,13.0,19.0,CHI @ HOU,0.053,-0.127,0.18
2024_02_ATL_PHI,2024,2,ATL,PHI,22.0,21.0,ATL @ PHI,0.213,-0.073,0.286
2024_03_NE_NYJ,2024,3,NE,NYJ,3.0,24.0,NE @ NYJ,-0.114,-0.297,0.183
2024_03_NYG_CLE,2024,3,NYG,CLE,21.0,15.0,NYG @ CLE,-0.39899999999999997,-0.21899999999999997,-0.18
2024_03_CHI_IND,2024,3,CHI,IND,16.0,21.0,CHI @ IND,-0.071,-0.127,0.05600000000000001
2024_03_HOU_MIN,2024,3,HOU,MIN,7.0,34.0,HOU @ MIN,0.161,0.053,0.10800000000000001
2024_03_PHI_NO,2024,3,PHI,NO,15.0,12.0,PHI @ NO,-0.106,0.213,-0.319
2024_03_LAC_PIT,2024,3,LAC,PIT,10.0,20.0,LAC @ PIT,0.063,0.126,-0.063
2024_03_DEN_TB,2024,3,DEN,TB,26.0,7.0,DEN @ TB,0.094,0.163,-0.069
2024_03_GB_TEN,2024,3,GB,TEN,30.0,14.0,GB @ TEN,0.335,0.245,0.09000000000000002
2024_03_CAR_LV,2024,3,CAR,LV,36.0,22.0,CAR @ LV,-0.196,-0.32899999999999996,0.13299999999999995
2024_03_MIA_SEA,2024,3,MIA,SEA,3.0,24.0,MIA @ SEA,0.023,-0.098,0.121
2024_03_DET_ARI,2024,3,DET,ARI,20.0,13.0,DET @ ARI,0.08800000000000001,0.348,-0.25999999999999995
2024_03_BAL_DAL,2024,3,BAL,DAL,28.0,25.0,BAL @ DAL,-0.11599999999999999,0.414,-0.53
2024_03_SF_LA,2024,3,SF,LA,24.0,27.0,SF @ LA,,0.067,
2024_03_KC_ATL,2024,3,KC,ATL,22.0,17.0,KC @ ATL,-0.073,0.147,-0.21999999999999997
2024_03_JAX_BUF,2024,3,JAX,BUF,10.0,47.0,JAX @ BUF,0.22699999999999998,-0.177,0.40399999999999997
2024_03_WAS_CIN,2024,3,WAS,CIN,38.0,33.0,WAS @ CIN,0.07,0.115,-0.045
2024_04_DAL_NYG,2024,4,DAL,NYG,20.0,15.0,DAL @ NYG,-0.21899999999999997,-0.11599999999999999,-0.10299999999999998
2024_04_NO_ATL,2024,4,NO,ATL,24.0,26.0,NO @ ATL,-0.073,-0.106,0.033
2024_04_CIN_CAR,2024,4,CIN,CAR,34.0,24.0,CIN @ CAR,-0.32899999999999996,0.07,-0.39899999999999997
2024_04_LA_CHI,2024,4,LA,CHI,18.0,24.0,LA @ CHI,-0.127,,
2024_04_MIN_GB,2024,4,MIN,GB,31.0,29.0,MIN @ GB,0.245,0.161,0.08399999999999999
2024_04_JAX_HOU,2024,4,JAX,HOU,20.0,24.0,JAX @ HOU,0.053,-0.177,0.22999999999999998
2024_04_PIT_IND,2024,4,PIT,IND,24.0,27.0,PIT @ IND,-0.071,0.063,-0.134
2024_04_DEN_NYJ,2024,4,DEN,NYJ,10.0,9.0,DEN @ NYJ,-0.114,0.163,-0.277
2024_04_PHI_TB,2024,4,PHI,TB,16.0,33.0,PHI @ TB,0.094,0.213,-0.119
2024_04_WAS_ARI,2024,4,WAS,ARI,42.0,14.0,WAS @ ARI,0.08800000000000001,0.115,-0.026999999999999996
2024_04_NE_SF,2024,4,NE,SF,13.0,30.0,NE @ SF,0.067,-0.297,0.364
2024_04_KC_LAC,2024,4,KC,LAC,17.0,10.0,KC @ LAC,0.126,0.147,-0.02099999999999999
2024_04_CLE_LV,2024,4,CLE,LV,16.0,20.0,CLE @ LV,-0.196,-0.39899999999999997,0.20299999999999996
2024_04_BUF_BAL,2024,4,BUF,BAL,10.0,35.0,BUF @ BAL,0.414,0.22699999999999998,0.187
2024_04_TEN_MIA,2024,4,TEN,MIA,31.0,12.0,TEN @ MIA,-0.098,0.335,-0.43300000000000005
2024_04_SEA_DET,2024,4,SEA,DET,29.0,42.0,SEA @ DET,0.348,0.023,0.32499999999999996
2024_05_TB_ATL,2024,5,TB,ATL,30.0,36.0,TB @ ATL,-0.073,0.094,-0.16699999999999998
2024_05_NYJ_MIN,2024,5,NYJ,MIN,17.0,23.0,NYJ @ MIN,0.161,-0.114,0.275
2024_05_CAR_CHI,2024,5,CAR,CHI,10.0,36.0,CAR @ CHI,-0.127,-0.32899999999999996,0.20199999999999996
2024_05_BAL_CIN,2024,5,BAL,CIN,41.0,38.0,BAL @ CIN,0.07,0.414,-0.344
2024_05_BUF_HOU,2024,5,BUF,HOU,20.0,23.0,BUF @ HOU,0.053,0.22699999999999998,-0.174
2024_05_IND_JAX,2024,5,IND,JAX,34.0,37.0,IND @ JAX,-0.177,-0.071,-0.106
2024_05_MIA_NE,2024,5,MIA,NE,15.0,10.0,MIA @ NE,-0.297,-0.098,-0.19899999999999998
2024_05_CLE_WAS,2024,5,CLE,WAS,13.0,34.0,CLE @ WAS,0.115,-0.39899999999999997,0.514
2024_05_LV_DEN,2024,5,LV,DEN,18.0,34.0,LV @ DEN,0.163,-0.196,0.359
2024_05_ARI_SF,2024,5,ARI,SF,24.0,23.0,ARI @ SF,0.067,0.08800000000000001,-0.021000000000000005
2024_05_GB_LA,2024,5,GB,LA,24.0,19.0,GB @ LA,,0.245,
2024_05_NYG_SEA,2024,5,NYG,SEA,29.0,20.0,NYG @ SEA,0.023,-0.21899999999999997,0.24199999999999997
2024_05_DAL_PIT,2024,5,DAL,PIT,20.0,17.0,DAL @ PIT,0.063,-0.11599999999999999,0.179
2024_05_NO_KC,2024,5,NO,KC,13.0,26.0,NO @ KC,0.147,-0.106,0.253
2024_06_SF_SEA,2024,6,SF,SEA,36.0,24.0,SF @ SEA,0.023,0.067,-0.044000000000000004
2024_06_JAX_CHI,2024,6,JAX,CHI,16.0,35.0,JAX @ CHI,-0.127,-0.177,0.04999999999999999
2024_06_WAS_BAL,2024,6,WAS,BAL,23.0,30.0,WAS @ BAL,0.414,0.115,0.299
2024_06_ARI_GB,2024,6,ARI,GB,13.0,34.0,ARI @ GB,0.245,0.08800000000000001,0.15699999999999997
2024_06_HOU_NE,2024,6,HOU,NE,41.0,21.0,HOU @ NE,-0.297,0.053,-0.35
2024_06_TB_NO,2024,6,TB,NO,51.0,27.0,TB @ NO,-0.106,0.094,-0.2
2024_06_CLE_PHI,2024,6,CLE,PHI,16.0,20.0,CLE @ PHI,0.213,-0.39899999999999997,0.612
2024_06_IND_TEN,2024,6,IND,TEN,20.0,17.0,IND @ TEN,0.335,-0.071,0.406
2024_06_LAC_DEN,2024,6,LAC,DEN,23.0,16.0,LAC @ DEN,0.163,0.126,0.037000000000000005
2024_06_PIT_LV,2024,6,PIT,LV,32.0,13.0,PIT @ LV,-0.196,0.063,-0.259
2024_06_ATL_CAR,2024,6,ATL,CAR,38.0,20.0,ATL @ CAR,-0.32899999999999996,-0.073,-0.25599999999999995
2024_06_DET_DAL,2024,6,DET,DAL,47.0,9.0,DET @ DAL,-0.11599999999999999,0.348,-0.46399999999999997
2024_06_CIN_NYG,2024,6,CIN,NYG,17.0,7.0,CIN @ NYG,-0.21899999999999997,0.07,-0.289
2024_06_BUF_NYJ,2024,6,BUF,NYJ,23.0,20.0,BUF @ NYJ,-0.114,0.22699999999999998,-0.34099999999999997
2024_07_DEN_NO,2024,7,DEN,NO,33.0,10.0,DEN @ NO,-0.106,0.163,-0.269
2024_07_NE_JAX,2024,7,NE,JAX,16.0,32.0,NE @ JAX,-0.177,-0.297,0.12
2024_07_SEA_ATL,2024,7,SEA,ATL,34.0,14.0,SEA @ ATL,-0.073,0.023,-0.096
2024_07_TEN_BUF,2024,7,TEN,BUF,10.0,34.0,TEN @ BUF,0.22699999999999998,0.335,-0.10800000000000004
2024_07_CIN_CLE,2024,7,CIN,CLE,21.0,14.0,CIN @ CLE,-0.39899999999999997,0.07,-0.469
2024_07_HOU_GB,2024,7,HOU,GB,22.0,24.0,HOU @ GB,0.245,0.053,0.192
2024_07_MIA_IND,2024,7,MIA,IND,10.0,16.0,MIA @ IND,-0.071,-0.098,0.02700000000000001
2024_07_DET_MIN,2024,7,DET,MIN,31.0,29.0,DET @ MIN,0.161,0.348,-0.18699999999999997
2024_07_PHI_NYG,2024,7,PHI,NYG,28.0,3.0,PHI @ NYG,-0.21899999999999997,0.213,-0.43199999999999994
2024_07_LV_LA,2024,7,LV,LA,15.0,20.0,LV @ LA,,-0.196,
2024_07_CAR_WAS,2024,7,CAR,WAS,7.0,40.0,CAR @ WAS,0.115,-0.32899999999999996,0.44399999999999995
2024_07_KC_SF,2024,7,KC,SF,28.0,18.0,KC @ SF,0.067,0.147,-0.07999999999999999
2024_07_NYJ_PIT,2024,7,NYJ,PIT,15.0,37.0,NYJ @ PIT,0.063,-0.114,0.177
2024_07_BAL_TB,2024,7,BAL,TB,41.0,31.0,BAL @ TB,0.094,0.414,-0.31999999999999995
2024_07_LAC_ARI,2024,7,LAC,ARI,15.0,17.0,LAC @ ARI,0.08800000000000001,0.126,-0.03799999999999999
2024_08_MIN_LA,2024,8,MIN,LA,20.0,30.0,MIN @ LA,,0.161,
2024_08_PHI_CIN,2024,8,PHI,CIN,37.0,17.0,PHI @ CIN,0.07,0.213,-0.143
2024_08_BAL_CLE,2024,8,BAL,CLE,24.0,29.0,BAL @ CLE,-0.39899999999999997,0.414,-0.813
2024_08_TEN_DET,2024,8,TEN,DET,14.0,52.0,TEN @ DET,0.348,0.335,0.012999999999999956
2024_08_IND_HOU,2024,8,IND,HOU,20.0,23.0,IND @ HOU,0.053,-0.071,0.124
2024_08_GB_JAX,2024,8,GB,JAX,30.0,27.0,GB @ JAX,-0.177,0.245,-0.422
2024_08_ARI_MIA,2024,8,ARI,MIA,28.0,27.0,ARI @ MIA,-0.098,0.08800000000000001,-0.186
2024_08_NYJ_NE,2024,8,NYJ,NE,22.0,25.0,NYJ @ NE,-0.297,-0.114,-0.183
2024_08_ATL_TB,2024,8,ATL,TB,31.0,26.0,ATL @ TB,0.094,-0.073,0.16699999999999998
2024_08_NO_LAC,2024,8,NO,LAC,8.0,26.0,NO @ LAC,0.126,-0.106,0.23199999999999998
2024_08_BUF_SEA,2024,8,BUF,SEA,31.0,10.0,BUF @ SEA,0.023,0.22699999999999998,-0.204
2024_08_CAR_DEN,2024,8,CAR,DEN,14.0,28.0,CAR @ DEN,0.163,-0.32899999999999996,0.492
2024_08_KC_LV,2024,8,KC,LV,27.0,20.0,KC @ LV,-0.196,0.147,-0.34299999999999997
2024_08_CHI_WAS,2024,8,CHI,WAS,15.0,18.0,CHI @ WAS,0.115,-0.127,0.242
2024_08_DAL_SF,2024,8,DAL,SF,24.0,30.0,DAL @ SF,0.067,-0.11599999999999999,0.183
2024_08_NYG_PIT,2024,8,NYG,PIT,18.0,26.0,NYG @ PIT,0.063,-0.21899999999999997,0.282
2024_09_HOU_NYJ,2024,9,HOU,NYJ,13.0,21.0,HOU @ NYJ,-0.114,0.053,-0.167
2024_09_DAL_ATL,2024,9,DAL,ATL,21.0,27.0,DAL @ ATL,-0.073,-0.11599999999999999,0.043
2024_09_DEN_BAL,2024,9,DEN,BAL,10.0,41.0,DEN @ BAL,0.414,0.163,0.251
2024_09_MIA_BUF,2024,9,MIA,BUF,27.0,30.0,MIA @ BUF,0.22699999999999998,-0.098,0.32499999999999996
2024_09_NO_CAR,2024,9,NO,CAR,22.0,23.0,NO @ CAR,-0.32899999999999996,-0.106,-0.22299999999999998
2024_09_LV_CIN,2024,9,LV,CIN,24.0,41.0,LV @ CIN,0.07,-0.196,0.266
2024_09_LAC_CLE,2024,9,LAC,CLE,27.0,10.0,LAC @ CLE,-0.39899999999999997,0.126,-0.5249999999999999
2024_09_WAS_NYG,2024,9,WAS,NYG,27.0,22.0,WAS @ NYG,-0.21899999999999997,0.115,-0.33399999999999996
2024_09_NE_TEN,2024,9,NE,TEN,17.0,20.0,NE @ TEN,0.335,-0.297,0.632
2024_09_CHI_ARI,2024,9,CHI,ARI,9.0,29.0,CHI @ ARI,0.08800000000000001,-0.127,0.21500000000000002
2024_09_JAX_PHI,2024,9,JAX,PHI,23.0,28.0,JAX @ PHI,0.213,-0.177,0.39
2024_09_DET_GB,2024,9,DET,GB,24.0,14.0,DET @ GB,0.245,0.348,-0.10299999999999998
2024_09_LA_SEA,2024,9,LA,SEA,26.0,20.0,LA @ SEA,0.023,,
2024_09_IND_MIN,2024,9,IND,MIN,13.0,21.0,IND @ MIN,0.161,-0.071,0.23199999999999998
2024_09_TB_KC,2024,9,TB,KC,24.0,30.0,TB @ KC,0.147,0.094,0.05299999999999999
2024_10_CIN_BAL,2024,10,CIN,BAL,34.0,35.0,CIN @ BAL,0.414,0.07,0.344
2024_10_NYG_CAR,2024,10,NYG,CAR,17.0,20.0,NYG @ CAR,-0.32899999999999996,-0.21899999999999997,-0.10999999999999999
2024_10_NE_CHI,2024,10,NE,CHI,19.0,3.0,NE @ CHI,-0.127,-0.297,0.16999999999999998
2024_10_BUF_IND,2024,10,BUF,IND,30.0,20.0,BUF @ IND,-0.071,0.22699999999999998,-0.298
2024_10_MIN_JAX,2024,10,MIN,JAX,12.0,7.0,MIN @ JAX,-0.177,0.161,-0.33799999999999997
2024_10_DEN_KC,2024,10,DEN,KC,14.0,16.0,DEN @ KC,0.147,0.163,-0.016000000000000014
2024_10_ATL_NO,2024,10,ATL,NO,17.0,20.0,ATL @ NO,-0.106,-0.073,-0.033
2024_10_SF_TB,2024,10,SF,TB,23.0,20.0,SF @ TB,0.094,0.067,0.026999999999999996
2024_10_PIT_WAS,2024,10,PIT,WAS,28.0,27.0,PIT @ WAS,0.115,0.063,0.052000000000000005
2024_10_TEN_LAC,2024,10,TEN,LAC,17.0,27.0,TEN @ LAC,0.126,0.335,-0.20900000000000002
2024_10_NYJ_ARI,2024,10,NYJ,ARI,6.0,31.0,NYJ @ ARI,0.08800000000000001,-0.114,0.202
2024_10_PHI_DAL,2024,10,PHI,DAL,34.0,6.0,PHI @ DAL,-0.11599999999999999,0.213,-0.32899999999999996
2024_10_DET_HOU,2024,10,DET,HOU,26.0,23.0,DET @ HOU,0.053,0.348,-0.295
2024_10_MIA_LA,2024,10,MIA,LA,23.0,15.0,MIA @ LA,,-0.098,
2024_11_WAS_PHI,2024,11,WAS,PHI,18.0,26.0,WAS @ PHI,0.213,0.115,0.09799999999999999
2024_11_GB_CHI,2024,11,GB,CHI,20.0,19.0,GB @ CHI,-0.127,0.245,-0.372
2024_11_JAX_DET,2024,11,JAX,DET,6.0,52.0,JAX @ DET,0.348,-0.177,0.5249999999999999
2024_11_LV_MIA,2024,11,LV,MIA,19.0,34.0,LV @ MIA,-0.098,-0.196,0.098
2024_11_LA_NE,2024,11,LA,NE,28.0,22.0,LA @ NE,-0.297,,
2024_11_CLE_NO,2024,11,CLE,NO,14.0,35.0,CLE @ NO,-0.106,-0.39899999999999997,0.293
2024_11_IND_NYJ,2024,11,IND,NYJ,28.0,27.0,IND @ NYJ,-0.114,-0.071,-0.04300000000000001
2024_11_BAL_PIT,2024,11,BAL,PIT,16.0,18.0,BAL @ PIT,0.063,0.414,-0.351
2024_11_MIN_TEN,2024,11,MIN,TEN,23.0,13.0,MIN @ TEN,0.335,0.161,0.17400000000000002
2024_11_ATL_DEN,2024,11,ATL,DEN,6.0,38.0,ATL @ DEN,0.163,-0.073,0.236
2024_11_SEA_SF,2024,11,SEA,SF,20.0,17.0,SEA @ SF,0.067,0.023,0.044000000000000004
2024_11_KC_BUF,2024,11,KC,BUF,21.0,30.0,KC @ BUF,0.22699999999999998,0.147,0.07999999999999999
2024_11_CIN_LAC,2024,11,CIN,LAC,27.0,34.0,CIN @ LAC,0.126,0.07,0.055999999999999994
2024_11_HOU_DAL,2024,11,HOU,DAL,34.0,10.0,HOU @ DAL,-0.11599999999999999,0.053,-0.16899999999999998
2024_12_PIT_CLE,2024,12,PIT,CLE,19.0,24.0,PIT @ CLE,-0.39899999999999997,0.063,-0.46199999999999997
2024_12_KC_CAR,2024,12,KC,CAR,30.0,27.0,KC @ CAR,-0.32899999999999996,0.147,-0.476
2024_12_MIN_CHI,2024,12,MIN,CHI,30.0,27.0,MIN @ CHI,-0.127,0.161,-0.28800000000000003
2024_12_TEN_HOU,2024,12,TEN,HOU,32.0,27.0,TEN @ HOU,0.053,0.335,-0.28200000000000003
2024_12_DET_IND,2024,12,DET,IND,24.0,6.0,DET @ IND,-0.071,0.348,-0.419
2024_12_NE_MIA,2024,12,NE,MIA,15.0,34.0,NE @ MIA,-0.098,-0.297,0.19899999999999998
2024_12_TB_NYG,2024,12,TB,NYG,30.0,7.0,TB @ NYG,-0.21899999999999997,0.094,-0.31299999999999994
2024_12_DAL_WAS,2024,12,DAL,WAS,34.0,26.0,DAL @ WAS,0.115,-0.11599999999999999,0.23099999999999998
2024_12_DEN_LV,2024,12,DEN,LV,29.0,19.0,DEN @ LV,-0.196,0.163,-0.359
2024_12_SF_GB,2024,12,SF,GB,10.0,38.0,SF @ GB,0.245,0.067,0.178
2024_12_ARI_SEA,2024,12,ARI,SEA,6.0,16.0,ARI @ SEA,0.023,0.08800000000000001,-0.065
2024_12_PHI_LA,2024,12,PHI,LA,37.0,20.0,PHI @ LA,,0.213,
2024_12_BAL_LAC,2024,12,BAL,LAC,30.0,23.0,BAL @ LAC,0.126,0.414,-0.288
2024_13_CHI_DET,2024,13,CHI,DET,20.0,23.0,CHI @ DET,0.348,-0.127,0.475
2024_13_NYG_DAL,2024,13,NYG,DAL,20.0,27.0,NYG @ DAL,-0.11599999999999999,-0.21899999999999997,0.10299999999999998
2024_13_MIA_GB,2024,13,MIA,GB,17.0,30.0,MIA @ GB,0.245,-0.098,0.34299999999999997
2024_13_LV_KC,2024,13,LV,KC,17.0,19.0,LV @ KC,0.147,-0.196,0.34299999999999997
2024_13_LAC_ATL,2024,13,LAC,ATL,17.0,13.0,LAC @ ATL,-0.073,0.126,-0.199
2024_13_PIT_CIN,2024,13,PIT,CIN,44.0,38.0,PIT @ CIN,0.07,0.063,0.007000000000000006
2024_13_HOU_JAX,2024,13,HOU,JAX,23.0,20.0,HOU @ JAX,-0.177,0.053,-0.22999999999999998
2024_13_ARI_MIN,2024,13,ARI,MIN,22.0,23.0,ARI @ MIN,0.161,0.08800000000000001,0.073
2024_13_IND_NE,2024,13,IND,NE,25.0,24.0,IND @ NE,-0.297,-0.071,-0.22599999999999998
2024_13_SEA_NYJ,2024,13,SEA,NYJ,26.0,21.0,SEA @ NYJ,-0.114,0.023,-0.137
2024_13_TEN_WAS,2024,13,TEN,WAS,19.0,42.0,TEN @ WAS,0.115,0.335,-0.22000000000000003
2024_13_TB_CAR,2024,13,TB,CAR,26.0,23.0,TB @ CAR,-0.32899999999999996,0.094,-0.42299999999999993
2024_13_LA_NO,2024,13,LA,NO,21.0,14.0,LA @ NO,-0.106,,
2024_13_PHI_BAL,2024,13,PHI,BAL,24.0,19.0,PHI @ BAL,0.414,0.213,0.20099999999999998
2024_13_SF_BUF,2024,13,SF,BUF,10.0,35.0,SF @ BUF,0.22699999999999998,0.067,0.15999999999999998
2024_13_CLE_DEN,2024,13,CLE,DEN,32.0,41.0,CLE @ DEN,0.163,-0.39899999999999997,0.5619999999999999
2024_14_GB_DET,2024,14,GB,DET,31.0,34.0,GB @ DET,0.348,0.245,0.10299999999999998
2024_14_NYJ_MIA,2024,14,NYJ,MIA,26.0,32.0,NYJ @ MIA,-0.098,-0.114,0.016
2024_14_ATL_MIN,2024,14,ATL,MIN,21.0,42.0,ATL @ MIN,0.161,-0.073,0.23399999999999999
2024_14_NO_NYG,2024,14,NO,NYG,14.0,11.0,NO @ NYG,-0.21899999999999997,-0.106,-0.11299999999999998
2024_14_CAR_PHI,2024,14,CAR,PHI,16.0,22.0,CAR @ PHI,0.213,-0.32899999999999996,0.5419999999999999
2024_14_CLE_PIT,2024,14,CLE,PIT,14.0,27.0,CLE @ PIT,0.063,-0.39899999999999997,0.46199999999999997
2024_14_LV_TB,2024,14,LV,TB,13.0,28.0,LV @ TB,0.094,-0.196,0.29000000000000004
2024_14_JAX_TEN,2024,14,JAX,TEN,10.0,6.0,JAX @ TEN,0.335,-0.177,0.512
2024_14_SEA_ARI,2024,14,SEA,ARI,30.0,18.0,SEA @ ARI,0.08800000000000001,0.023,0.065
2024_14_BUF_LA,2024,14,BUF,LA,42.0,44.0,BUF @ LA,,0.22699999999999998,
2024_14_CHI_SF,2024,14,CHI,SF,13.0,38.0,CHI @ SF,0.067,-0.127,0.194
2024_14_LAC_KC,2024,14,LAC,KC,17.0,19.0,LAC @ KC,0.147,0.126,0.02099999999999999
2024_14_CIN_DAL,2024,14,CIN,DAL,27.0,20.0,CIN @ DAL,-0.11599999999999999,0.07,-0.186
2024_15_LA_SF,2024,15,LA,SF,12.0,6.0,LA @ SF,0.067,,
2024_15_DAL_CAR,2024,15,DAL,CAR,30.0,14.0,DAL @ CAR,-0.32899999999999996,-0.11599999999999999,-0.21299999999999997
2024_15_KC_CLE,2024,15,KC,CLE,21.0,7.0,KC @ CLE,-0.39899999999999997,0.147,-0.5459999999999999
2024_15_MIA_HOU,2024,15,MIA,HOU,12.0,20.0,MIA @ HOU,0.053,-0.098,0.151
2024_15_NYJ_JAX,2024,15,NYJ,JAX,32.0,25.0,NYJ @ JAX,-0.177,-0.114,-0.06299999999999999
2024_15_WAS_NO,2024,15,WAS,NO,20.0,19.0,WAS @ NO,-0.106,0.115,-0.221
2024_15_BAL_NYG,2024,15,BAL,NYG,35.0,14.0,BAL @ NYG,-0.21899999999999997,0.414,-0.633
2024_15_CIN_TEN,2024,15,CIN,TEN,37.0,27.0,CIN @ TEN,0.335,0.07,0.265
2024_15_NE_ARI,2024,15,NE,ARI,17.0,30.0,NE @ ARI,0.08800000000000001,-0.297,0.385
2024_15_IND_DEN,2024,15,IND,DEN,13.0,31.0,IND @ DEN,0.163,-0.071,0.23399999999999999
2024_15_BUF_DET,2024,15,BUF,DET,48.0,42.0,BUF @ DET,0.348,0.22699999999999998,0.121
2024_15_TB_LAC,2024,15,TB,LAC,40.0,17.0,TB @ LAC,0.126,0.094,0.032
2024_15_PIT_PHI,2024,15,PIT,PHI,13.0,27.0,PIT @ PHI,0.213,0.063,0.15
2024_15_GB_SEA,2024,15,GB,SEA,30.0,13.0,GB @ SEA,0.023,0.245,-0.222
2024_15_CHI_MIN,2024,15,CHI,MIN,12.0,30.0,CHI @ MIN,0.161,-0.127,0.28800000000000003
2024_15_ATL_LV,2024,15,ATL,LV,15.0,9.0,ATL @ LV,-0.196,-0.073,-0.12300000000000001
2024_16_DEN_LAC,2024,16,DEN,LAC,27.0,34.0,DEN @ LAC,0.126,0.163,-0.037000000000000005
2024_16_HOU_KC,2024,16,HOU,KC,19.0,27.0,HOU @ KC,0.147,0.053,0.094
2024_16_PIT_BAL,2024,16,PIT,BAL,17.0,34.0,PIT @ BAL,0.414,0.063,0.351
2024_16_NYG_ATL,2024,16,NYG,ATL,7.0,34.0,NYG @ ATL,-0.073,-0.21899999999999997,0.14599999999999996
2024_16_ARI_CAR,2024,16,ARI,CAR,30.0,36.0,ARI @ CAR,-0.32899999999999996,0.08800000000000001,-0.417
2024_16_DET_CHI,2024,16,DET,CHI,34.0,17.0,DET @ CHI,-0.127,0.348,-0.475
2024_16_CLE_CIN,2024,16,CLE,CIN,6.0,24.0,CLE @ CIN,0.07,-0.39899999999999997,0.469
2024_16_TEN_IND,2024,16,TEN,IND,30.0,38.0,TEN @ IND,-0.071,0.335,-0.406
2024_16_LA_NYJ,2024,16,LA,NYJ,19.0,9.0,LA @ NYJ,-0.114,,
2024_16_PHI_WAS,2024,16,PHI,WAS,33.0,36.0,PHI @ WAS,0.115,0.213,-0.09799999999999999
2024_16_MIN_SEA,2024,16,MIN,SEA,27.0,24.0,MIN @ SEA,0.023,0.161,-0.138
2024_16_NE_BUF,2024,16,NE,BUF,21.0,24.0,NE @ BUF,0.22699999999999998,-0.297,0.524
2024_16_JAX_LV,2024,16,JAX,LV,14.0,19.0,JAX @ LV,-0.196,-0.177,-0.019000000000000017
2024_16_SF_MIA,2024,16,SF,MIA,17.0,29.0,SF @ MIA,-0.098,0.067,-0.165
2024_16_TB_DAL,2024,16,TB,DAL,24.0,26.0,TB @ DAL,-0.11599999999999999,0.094,-0.21
2024_16_NO_GB,2024,16,NO,GB,0.0,34.0,NO @ GB,0.245,-0.106,0.351
2024_17_KC_PIT,2024,17,KC,PIT,29.0,10.0,KC @ PIT,0.063,0.147,-0.08399999999999999
2024_17_BAL_HOU,2024,17,BAL,HOU,31.0,2.0,BAL @ HOU,0.053,0.414,-0.361
2024_17_SEA_CHI,2024,17,SEA,CHI,6.0,3.0,SEA @ CHI,-0.127,0.023,-0.15
2024_17_LAC_NE,2024,17,LAC,NE,40.0,7.0,LAC @ NE,-0.297,0.126,-0.423
2024_17_DEN_CIN,2024,17,DEN,CIN,24.0,30.0,DEN @ CIN,0.07,0.163,-0.093
2024_17_ARI_LA,2024,17,ARI,LA,9.0,13.0,ARI @ LA,,0.08800000000000001,
2024_17_NYJ_BUF,2024,17,NYJ,BUF,14.0,40.0,NYJ @ BUF,0.22699999999999998,-0.114,0.34099999999999997
2024_17_TEN_JAX,2024,17,TEN,JAX,13.0,20.0,TEN @ JAX,-0.177,0.335,-0.512
2024_17_LV_NO,2024,17,LV,NO,25.0,10.0,LV @ NO,-0.106,-0.196,0.09000000000000001
2024_17_IND_NYG,2024,17,IND,NYG,33.0,45.0,IND @ NYG,-0.21899999999999997,-0.071,-0.14799999999999996
2024_17_DAL_PHI,2024,17,DAL,PHI,7.0,41.0,DAL @ PHI,0.213,-0.11599999999999999,0.32899999999999996
2024_17_CAR_TB,2024,17,CAR,TB,14.0,48.0,CAR @ TB,0.094,-0.32899999999999996,0.42299999999999993
2024_17_MIA_CLE,2024,17,MIA,CLE,20.0,3.0,MIA @ CLE,-0.39899999999999997,-0.098,-0.30099999999999993
2024_17_GB_MIN,2024,17,GB,MIN,25.0,27.0,GB @ MIN,0.161,0.245,-0.08399999999999999
2024_17_ATL_WAS,2024,17,ATL,WAS,24.0,30.0,ATL @ WAS,0.115,-0.073,0.188
2024_17_DET_SF,2024,17,DET,SF,40.0,34.0,DET @ SF,0.067,0.348,-0.28099999999999997
2024_18_CLE_BAL,2024,18,CLE,BAL,10.0,35.0,CLE @ BAL,0.414,-0.39899999999999997,0.813
2024_18_CIN_PIT,2024,18,CIN,PIT,19.0,17.0,CIN @ PIT,0.063,0.07,-0.007000000000000006
2024_18_CAR_ATL,2024,18,CAR,ATL,44.0,38.0,CAR @ ATL,-0.073,-0.32899999999999996,0.25599999999999995
2024_18_WAS_DAL,2024,18,WAS,DAL,23.0,19.0,WAS @ DAL,-0.11599999999999999,0.115,-0.23099999999999998
2024_18_CHI_GB,2024,18,CHI,GB,24.0,22.0,CHI @ GB,0.245,-0.127,0.372
2024_18_JAX_IND,2024,18,JAX,IND,23.0,26.0,JAX @ IND,-0.071,-0.177,0.106
2024_18_BUF_NE,2024,18,BUF,NE,16.0,23.0,BUF @ NE,-0.297,0.22699999999999998,-0.524
2024_18_NYG_PHI,2024,18,NYG,PHI,13.0,20.0,NYG @ PHI,0.213,-0.21899999999999997,0.43199999999999994
2024_18_NO_TB,2024,18,NO,TB,19.0,27.0,NO @ TB,0.094,-0.106,0.2
2024_18_HOU_TEN,2024,18,HOU,TEN,23.0,14.0,HOU @ TEN,0.335,0.053,0.28200000000000003
2024_18_SF_ARI,2024,18,SF,ARI,24.0,47.0,SF @ ARI,0.08800000000000001,0.067,0.021000000000000005
2024_18_KC_DEN,2024,18,KC,DEN,0.0,38.0,KC @ DEN,0.163,0.147,0.016000000000000014
2024_18_SEA_LA,2024,18,SEA,LA,30.0,25.0,SEA @ LA,,0.023,
2024_18_LAC_LV,2024,18,LAC,LV,34.0,20.0,LAC @ LV,-0.196,0.126,-0.322
2024_18_MIA_NYJ,2024,18,MIA,NYJ,20.0,32.0,MIA @ NYJ,-0.114,-0.098,-0.016
2024_18_MIN_DET,2024,18,MIN,DET,9.0,31.0,MIN @ DET,0.348,0.161,0.18699999999999997
2024_19_LAC_HOU,2024,19,LAC,HOU,12.0,32.0,LAC @ HOU,0.053,0.126,-0.07300000000000001
2024_19_PIT_BAL,2024,19,PIT,BAL,14.0,28.0,PIT @ BAL,0.414,0.063,0.351
2024_19_DEN_BUF,2024,19,DEN,BUF,7.0,31.0,DEN @ BUF,0.22699999999999998,0.163,0.06399999999999997
2024_19_GB_PHI,2024,19,GB,PHI,10.0,22.0,GB @ PHI,0.213,0.245,-0.032
2024_19_WAS_TB,2024,19,WAS,TB,23.0,20.0,WAS @ TB,0.094,0.115,-0.021000000000000005
2024_19_MIN_LA,2024,19,MIN,LA,9.0,27.0,MIN @ LA,,0.161,
2024_20_HOU_KC,2024,20,HOU,KC,14.0,23.0,HOU @ KC,0.147,0.053,0.094
2024_20_WAS_DET,2024,20,WAS,DET,45.0,31.0,WAS @ DET,0.348,0.115,0.23299999999999998
2024_20_LA_PHI,2024,20,LA,PHI,22.0,28.0,LA @ PHI,0.213,,
2024_20_BAL_BUF,2024,20,BAL,BUF,25.0,27.0,BAL @ BUF,0.22699999999999998,0.414,-0.187
2024_21_WAS_PHI,2024,21,WAS,PHI,23.0,55.0,WAS @ PHI,0.213,0.115,0.09799999999999999
2024_21_BUF_KC,2024,21,BUF,KC,29.0,32.0,BUF @ KC,0.147,0.22699999999999998,-0.07999999999999999
2024_22_KC_PHI,2024,22,KC,PHI,22.0,40.0,KC @ PHI,0.213,0.147,0.066
